<keymap version="1" name="XWin copy" parent="Default for XWin">
  <action id="$Copy">
    <keyboard-shortcut first-keystroke="ctrl insert" />
  </action>
  <action id="CallInlineCompletionAction">
    <keyboard-shortcut first-keystroke="shift tab" />
  </action>
  <action id="ChangesView.SetDefault" />
  <action id="CodeCompletion" />
  <action id="CodeFloatingToolbar.GotoPrevMenu" />
  <action id="CollapsiblePanel-toggle" />
  <action id="Console.TableResult.ColumnVisibility" />
  <action id="EditorSelectWord" />
  <action id="EditorUnindentSelection" />
  <action id="FileChooser.NewFolder">
    <keyboard-shortcut first-keystroke="alt insert" />
  </action>
  <action id="FileChooser.TogglePathBar" />
  <action id="FindInPath">
    <keyboard-shortcut first-keystroke="shift ctrl f" />
    <keyboard-shortcut first-keystroke="ctrl s" second-keystroke="w" />
  </action>
  <action id="GotoClass" />
  <action id="GotoDeclaration">
    <keyboard-shortcut first-keystroke="ctrl b" />
    <mouse-shortcut keystroke="control button1" />
    <keyboard-shortcut first-keystroke="g" second-keystroke="d" />
  </action>
  <action id="GotoFile">
    <keyboard-shortcut first-keystroke="shift ctrl n" />
    <keyboard-shortcut first-keystroke="ctrl s" second-keystroke="f" />
  </action>
  <action id="GotoImplementation">
    <keyboard-shortcut first-keystroke="ctrl alt b" />
    <mouse-shortcut keystroke="control alt button1" />
    <keyboard-shortcut first-keystroke="g" second-keystroke="shift i" />
  </action>
  <action id="GotoNextError">
    <keyboard-shortcut first-keystroke="f2" />
    <keyboard-shortcut first-keystroke="ctrl space" second-keystroke="close_bracket" />
  </action>
  <action id="GotoPreviousError">
    <keyboard-shortcut first-keystroke="shift f2" />
    <keyboard-shortcut first-keystroke="ctrl space" second-keystroke="open_bracket" />
  </action>
  <action id="GotoTest">
    <keyboard-shortcut first-keystroke="shift ctrl t" />
    <keyboard-shortcut first-keystroke="g" second-keystroke="shift t" />
  </action>
  <action id="GotoTypeDeclaration">
    <keyboard-shortcut first-keystroke="shift ctrl b" />
    <mouse-shortcut keystroke="shift control button1" />
    <keyboard-shortcut first-keystroke="ctrl space" second-keystroke="shift d" />
  </action>
  <action id="Graph.AlignNodes.Center" />
  <action id="Graph.AlignNodes.Right" />
  <action id="MaximizeEditorInSplit">
    <keyboard-shortcut first-keystroke="ctrl w" second-keystroke="equals" />
  </action>
  <action id="MoveTabDown">
    <keyboard-shortcut first-keystroke="ctrl w" second-keystroke="s" />
  </action>
  <action id="MoveTabRight">
    <keyboard-shortcut first-keystroke="ctrl w" second-keystroke="v" />
  </action>
  <action id="NextInlineCompletionSuggestionAction">
    <keyboard-shortcut first-keystroke="alt close_bracket" />
    <keyboard-shortcut first-keystroke="ctrl n" />
  </action>
  <action id="ParameterInfo" />
  <action id="PrevInlineCompletionSuggestionAction">
    <keyboard-shortcut first-keystroke="alt open_bracket" />
    <keyboard-shortcut first-keystroke="ctrl p" />
  </action>
  <action id="PrevParameter" />
  <action id="PreviousTemplateVariable" />
  <action id="ProblemsView.QuickFixes">
    <keyboard-shortcut first-keystroke="alt enter" />
    <keyboard-shortcut first-keystroke="ctrl space" second-keystroke="q" />
  </action>
  <action id="QuickPreview" />
  <action id="RecentFiles">
    <keyboard-shortcut first-keystroke="ctrl e" />
    <keyboard-shortcut first-keystroke="ctrl space" second-keystroke="space" />
  </action>
  <action id="ReformatCode">
    <keyboard-shortcut first-keystroke="ctrl alt l" />
    <keyboard-shortcut first-keystroke="ctrl space" second-keystroke="f" />
  </action>
  <action id="RemoteHostView.Rename">
    <keyboard-shortcut first-keystroke="shift f6" />
    <keyboard-shortcut first-keystroke="ctrl r" second-keystroke="n" />
  </action>
  <action id="RenameElement">
    <keyboard-shortcut first-keystroke="shift f6" />
    <keyboard-shortcut first-keystroke="ctrl r" second-keystroke="n" />
  </action>
  <action id="Replace" />
  <action id="SaveAll" />
  <action id="SearchEverywhere">
    <keyboard-shortcut first-keystroke="ctrl s" second-keystroke="g" />
  </action>
  <action id="SearchEverywhere.PrevTab" />
  <action id="ShowErrorDescription">
    <keyboard-shortcut first-keystroke="ctrl f1" />
    <keyboard-shortcut first-keystroke="ctrl space" second-keystroke="e" />
  </action>
  <action id="ShowIntentionActions">
    <keyboard-shortcut first-keystroke="alt enter" />
    <keyboard-shortcut first-keystroke="ctrl space" second-keystroke="c" />
  </action>
  <action id="SmartSelect" />
  <action id="SplitChooser.PreviousWindow" />
  <action id="SplitChooser.SplitCenter" />
  <action id="SplitChooser.SplitDown">
    <keyboard-shortcut first-keystroke="down" />
    <keyboard-shortcut first-keystroke="ctrl w" second-keystroke="j" />
  </action>
  <action id="SplitChooser.SplitLeft">
    <keyboard-shortcut first-keystroke="left" />
    <keyboard-shortcut first-keystroke="ctrl w" second-keystroke="h" />
  </action>
  <action id="SplitChooser.SplitRight">
    <keyboard-shortcut first-keystroke="right" />
    <keyboard-shortcut first-keystroke="ctrl w" second-keystroke="l" />
  </action>
  <action id="SplitChooser.SplitTop">
    <keyboard-shortcut first-keystroke="up" />
    <keyboard-shortcut first-keystroke="ctrl w" second-keystroke="k" />
  </action>
  <action id="TableResult.GrowSelection" />
  <action id="TableResult.SelectColumn" />
  <action id="Terminal.ClearPrompt" />
  <action id="Terminal.CopySelectedText">
    <keyboard-shortcut first-keystroke="ctrl insert" />
    <keyboard-shortcut first-keystroke="shift ctrl c" />
  </action>
  <action id="Terminal.DeletePreviousWord" />
  <action id="Terminal.SearchInCommandHistory" />
  <action id="UsageFiltering.ReadAccess" />
  <action id="UsageFiltering.WriteAccess" />
</keymap>