<application>
  <component name="Trusted.Paths">
    <option name="TRUSTED_PROJECT_PATHS">
      <map>
        <entry key="$USER_HOME$/dev/cempaka" value="true" />
        <entry key="$USER_HOME$/dev/cempaka-cli-client" value="true" />
        <entry key="$USER_HOME$/dev/cempaka_fill_parser" value="true" />
        <entry key="$USER_HOME$/dev/cempaka_fill_parser/cempaka_fill_parser" value="true" />
        <entry key="$USER_HOME$/dev/deribit_multicast_test" value="true" />
        <entry key="$USER_HOME$/dev/gradle-jlink-modules-base" value="true" />
        <entry key="$USER_HOME$/dev/philadelphia" value="true" />
      </map>
    </option>
  </component>
  <component name="Trusted.Paths.Settings">
    <option name="TRUSTED_PATHS">
      <list>
        <option value="$USER_HOME$/dev" />
      </list>
    </option>
  </component>
</application>