<application>
  <component name="DimensionService">
    <location key="find.popup.1920.0.3840.1600" x="3608" y="191" />
    <size key="find.popup.1920.0.3840.1600" width="675" height="650" />
    <size key="GridCell.Tab.0.left.1920.0.3840.1600" width="3754" height="387" />
    <size key="GridCell.Tab.0.center.1920.0.3840.1600" width="3754" height="387" />
    <size key="GridCell.Tab.0.right.1920.0.3840.1600" width="3754" height="387" />
    <size key="GridCell.Tab.0.bottom.1920.0.3840.1600" width="3754" height="387" />
    <size key="GridCell.Tab.0.right.0.0.1920.1080" width="1834" height="294" />
    <size key="GridCell.Tab.0.left.0.0.1920.1080" width="1834" height="294" />
    <size key="GridCell.Tab.0.center.0.0.1920.1080" width="1834" height="294" />
    <size key="GridCell.Tab.0.bottom.0.0.1920.1080" width="1834" height="294" />
    <size key="GridCell.Tab.1.left.0.0.1920.1080" width="1834" height="294" />
    <size key="GridCell.Tab.1.center.0.0.1920.1080" width="1834" height="294" />
    <size key="GridCell.Tab.1.right.0.0.1920.1080" width="1834" height="294" />
    <size key="GridCell.Tab.1.bottom.0.0.1920.1080" width="1834" height="294" />
    <size key="GridCell.Tab.1.left.1920.0.3840.1600" width="3754" height="387" />
    <size key="GridCell.Tab.1.center.1920.0.3840.1600" width="3754" height="387" />
    <size key="GridCell.Tab.1.right.1920.0.3840.1600" width="3754" height="387" />
    <size key="GridCell.Tab.1.bottom.1920.0.3840.1600" width="3754" height="387" />
    <size key="GridCell.Tab.0.right.0.0.3840.1600" width="1919" height="312" />
    <size key="GridCell.Tab.0.left.0.0.3840.1600" width="1919" height="312" />
    <size key="GridCell.Tab.0.center.0.0.3840.1600" width="1919" height="312" />
    <size key="GridCell.Tab.0.bottom.0.0.3840.1600" width="1919" height="312" />
    <size key="GridCell.Tab.1.left.0.0.3840.1600" width="1919" height="312" />
    <size key="GridCell.Tab.1.center.0.0.3840.1600" width="1919" height="312" />
    <size key="GridCell.Tab.1.right.0.0.3840.1600" width="1919" height="312" />
    <size key="GridCell.Tab.1.bottom.0.0.3840.1600" width="1919" height="312" />
  </component>
  <component name="WindowManager">
    <frame x="3840" y="0" width="1920" height="1050" extendedState="6" />
  </component>
  <component name="WindowStateApplicationService">
    <state width="713" height="159" key="ShowUsagesActions.dimensionServiceKey" timestamp="1753602680657">
      <screen x="3840" y="0" width="1920" height="1080" />
    </state>
    <state width="1106" height="111" key="ShowUsagesActions.dimensionServiceKey/0.0.1920.1080" timestamp="1752089311377" />
    <state width="713" height="159" key="ShowUsagesActions.dimensionServiceKey/3840.0.1920.1080/0.0.3840.1600" timestamp="1753602680657" />
  </component>
</application>